-- phpMyAdmin SQL Dump
-- version 5.0.1
-- https://www.phpmyadmin.net/
--
-- Host: 127.0.0.1
-- Generation Time: May 19, 2020 at 04:11 PM
-- Server version: 10.4.11-MariaDB
-- PHP Version: 7.4.3

SET SQL_MODE = "NO_AUTO_VALUE_ON_ZERO";
SET AUTOCOMMIT = 0;
START TRANSACTION;
SET time_zone = "+00:00";


/*!40101 SET @OLD_CHARACTER_SET_CLIENT=@@CHARACTER_SET_CLIENT */;
/*!40101 SET @OLD_CHARACTER_SET_RESULTS=@@CHARACTER_SET_RESULTS */;
/*!40101 SET @OLD_COLLATION_CONNECTION=@@COLLATION_CONNECTION */;
/*!40101 SET NAMES utf8mb4 */;

--
-- Database: `cscoursenavigator`
--

--
-- Dumping data for table `curinclude`
--

INSERT INTO `curinclude` (`curID`, `subID`) VALUES
(1, 'tu100'),
(1, 'tu101'),
(1, 'tu109'),
(1, 'tu102'),
(1, 'tu108'),
(1, 'tu103'),
(1, 'tu107'),
(1, 'tu050'),
(1, 'tu104'),
(1, 'tu105'),
(1, 'tu106'),
(1, 'el295'),
(1, 'py252'),
(1, 'ec210'),
(1, 'ba291'),
(1, 'hr201'),
(1, 'tu122'),
(1, 'ma211'),
(1, 'st216'),
(1, 'st326'),
(1, 'cs305'),
(1, 'cs301'),
(1, 'cs302'),
(1, 'cs251'),
(1, 'cs384'),
(1, 'cs303'),
(1, 'cs403'),
(1, 'cs304'),
(1, 'cs404'),
(1, 'cs102'),
(1, 'cs111'),
(1, 'cs264'),
(1, 'cs300'),
(1, 'cs265'),
(1, 'cs101'),
(1, 'el395'),
(1, 'sc301');

--
-- Dumping data for table `curriculum`
--

INSERT INTO `curriculum` (`minimumCredit`, `curID`, `curName`, `curYear`, `curDuration`) VALUES
(129, 1, 'วิทยาศาสตรบัณฑิต สาขาวิชาวิทยาการคอมพิวเตอร์', 2561, 4);

--
-- Dumping data for table `major`
--

INSERT INTO `major` (`majorID`, `majorname`, `curID`) VALUES
(1, 'คอมพิวเตอร์และวิทยาการสารสนเทศ', 1),
(2, 'คอมพิวเตอร์ประยุกต์', 1);

--
-- Dumping data for table `majorinclude`
--

INSERT INTO `majorinclude` (`majorID`, `subID`) VALUES
(1, 'cs299'),
(1, 'cs241'),
(1, 'cs213'),
(1, 'cs217'),
(1, 'cs222'),
(1, 'cs314'),
(1, 'cs322'),
(1, 'cs324'),
(1, 'cs221'),
(1, 'cs335'),
(2, 'cs347'),
(2, 'cs348'),
(2, 'cs361'),
(2, 'cs366'),
(2, 'cs367'),
(2, 'cs368'),
(2, 'cs246'),
(2, 'cs262'),
(2, 'cs266'),
(2, 'cs267'),
(2, 'cs216'),
(2, 'cs234'),
(2, 'cs245'),
(2, 'cs233');

--
-- Dumping data for table `registerdata`
--

INSERT INTO `registerdata` (`title`, `firstName`, `lastName`, `studentID`, `currentYear`, `majorID`, `password`, `subStatus`) VALUES
('นาย', 'พชรพล', 'ปะวรรณจะ', '6109610011', 5, 1, 'p!mjuo', NULL),
('นางสาว', 'จิระนันท์', 'พิทยาวุธวินิจ', '6109610029', 5, 1, 'ApF^#Z', NULL),
('นาย', 'ธีรภัทร์', 'โง้วตระกูล', '6109610037', 5, 1, ')@}JMg', NULL),
('นางสาว', 'ธนาภรณ์', 'ด่านชาญชัย', '6109610045', 5, 1, ')}yLt%', NULL),
('นาย', 'ชุติพนธ์', 'บุญเกตุ', '6109610052', 5, 1, '999999999', 'p'),
('นาย', 'ภูมิทวี', 'ร่มโพธิ์', '6109610060', 5, 1, 'R0TFbD', NULL),
('นางสาว', 'พัณณิตา', 'มีกำลัง', '6109610078', 5, 1, 'he$3K|', NULL),
('นางสาว', 'รัชนีกร', 'เพชรอำไพ', '6109610086', 5, 1, '|]<&my', NULL),
('นาย', 'ธีระพงษ์', 'บุญเครือ', '6109610094', 5, 1, '(9HlVW', NULL),
('นางสาว', 'ปาริฉัตร', 'ศูนย์ดำ', '6109610102', 5, 1, 'z[5G%H', NULL),
('นาย', 'อธิวัฒน์', 'ลิมป์ปิยาภิรมย์', '6109610110', 5, 1, '6ttBFc', NULL),
('นาย', 'วายุ', 'เหลืองประกาย', '6109610128', 5, 1, 'JD]W3S', NULL),
('นางสาว', 'ภูวดี', 'วาแสนดี', '6109610136', 5, 1, '^1z!Yy', NULL),
('นางสาว', 'ชนากานต์', 'ดีรักษา', '6109610144', 5, 1, 'c7!V<c', NULL),
('นางสาว', 'ศศิวิมล', 'เรืองวงศธร', '6109610151', 5, 1, 'ASi>AR', NULL),
('นาย', 'รัชชานนท์', 'ปรุงเรือน', '6109610169', 5, 1, 'Ti1Pba', NULL),
('นางสาว', 'ญาณทัศน์', 'ด้วงทอง', '6109610177', 5, 1, '320c2H', NULL),
('นาย', 'ยุทธศิลป์', 'คลังนาค', '6109610185', 5, 1, 'moiaXO', NULL),
('นางสาว', 'ฐิตารีย์', 'ลวเวชกุล', '6109610193', 5, 1, '8s9C8K', NULL),
('นางสาว', 'สุพิชฌาย์', 'ไทยทองหลาง', '6109610201', 5, 1, 'zMuOfP', NULL),
('นาย', 'ภูมิพัฒน์', 'ไชยชาติ', '6109610219', 5, 1, 'W02ioX', NULL),
('นาย', 'อภิชชา', 'เทวสถิตพงษ์', '6109610227', 5, 1, 'W2EJNq', NULL),
('นางสาว', 'อรภิญญา', 'แจ่มศรี', '6109610243', 5, 1, 'j30E56', NULL),
('นาย', 'ซูฮัยล์', 'เปาะเตะ', '6109610250', 5, 1, 'QisRdw', NULL),
('นาย', 'ภัคเดช', 'ธนาถิรพงศ์', '6109610268', 5, 1, 'SpNcdR', NULL),
('นาย', 'ต่อยศ', 'บุตราเงิน', '6109610276', 5, 1, 'QfPOWv', NULL),
('นาย', 'พัทธภูมิ', 'ทองแก้ว', '6109610284', 5, 1, 'wxXdbZ', NULL),
('นางสาว', 'ภัทรลดา', 'สาพิมาย', '6109610292', 5, 1, 'zUA5ly', NULL),
('นาย', 'ภูมิทัศน์', 'ทรัพย์เทมา', '6109612345', 5, 1, '1212123', 'p'),
('นาย', 'gold', 'roger', '6109615555', 5, 1, '123456789', NULL),
('นาย', 'gold', 'the rock', '6109616666', 2, 1, '6666666', 's'),
('นาย', 'gold', 'Cool', '6109617777', 2, 1, '7777777', 's'),
('นาย', 'gold', 'roger', '6109619999', 2, 1, '999999999', NULL),
('นางสาว', 'ญาณิศา', 'ณ ศรีตะคุ', '6109650017', 5, 2, 'qu9jnC3Q0', NULL),
('นาย', 'ธเนศ', 'กิตติสุนทรากุล', '6109650025', 5, 2, '~5@d6VnqG', NULL),
('นางสาว', 'ชลดา', 'นาโพธิ์', '6109650033', 5, 2, 'P4!M8!@ML', NULL),
('นาย', 'วัชรพงษ์', 'ขำดำ', '6109650041', 5, 2, '4EzMCb8U%', NULL),
('นาย', 'ญาณพงศ์', 'รำพึงพวก', '6109650058', 5, 2, 'pk#yR3mIQ', NULL),
('นาย', 'ศุภกร', 'พรเศรษฐ์', '6109650066', 5, 2, '%Bll#rJC2', NULL),
('นาย', 'วรวุฒิ', 'ศรีมาลา', '6109650074', 5, 2, '!mJ#c0u&3', NULL),
('นางสาว', 'กมลชนก', 'ภัทรวงษ์วิเศษ', '6109650082', 5, 2, '9*aTq$E7A', NULL),
('นางสาว', 'อิสริยา', 'ธรอาภาพิสิฐ', '6109650090', 5, 2, '&Y8>1y3nf', NULL),
('นาย', 'ฐานพิพูน', 'พรธนโชค', '6109650108', 5, 2, 'WzXl{DMk~', NULL),
('นาย', 'ณัฐดนัย', 'ชำนิเกษตร', '6109650116', 5, 2, '^#N[8&Kvm', NULL),
('นาย', 'วีรภัทร์', 'ชัยพงศ์เกษม', '6109650124', 5, 2, 'QgBFk#>h|', NULL),
('นาย', 'ศุภากร', 'วีรธรสกุล', '6109650132', 5, 2, '5Xf30ZcK[', NULL),
('นาย', 'พีรวิชญ์', 'วิบูลย์ธนากุล', '6109650140', 5, 2, '5g6OeT)e1', NULL),
('นาย', 'พงศภัค', 'บริบูรณ์ทรัพย์', '6109650157', 5, 2, 'D5*A@IRTh', NULL),
('นางสาว', 'กุรุพินท์', 'ทิพย์พิทักษ์โชค', '6109650165', 5, 2, 'dnLVJtxcY', NULL),
('นาย', 'กันตภณ', 'ดำรงค์ธรรมสกุล', '6109650173', 5, 2, 'C1rJGZEmV', NULL),
('นาย', 'นรรชพัทธ์', 'สุขเกษม', '6109650181', 5, 2, 'w3IiQbwNt', NULL),
('นางสาว', 'กฤตยลักษณ์', 'ตันตรัตนพงษ์', '6109650199', 5, 2, '3nXgqYU5P', NULL),
('นาย', 'ฐิติกร', 'ปรีชาบริสุทธิ์กุล', '6109650207', 5, 2, 'tvtfqA4Dg', NULL),
('นาย', 'โสภณวิชญ์', 'เจริญวงศ์', '6109650215', 5, 2, 'hWSTLUGPu', NULL),
('นาย', 'ปัณณธร', 'เศรษฐวิศารทกุล', '6109650223', 5, 2, 'g5syofCTw', NULL),
('นางสาว', 'เบญจวรรณ', 'นิมมานวรรณ', '6109650231', 5, 2, 'irsE7oaGq', NULL),
('นาย', 'สุรนาท', 'คำครุฑ', '6109650249', 5, 2, 'CZV7CnveG', NULL),
('นาย', 'นนทพัทธ์', 'ทองโต', '6109650256', 5, 2, 'wMo0gNPEW', NULL),
('นาย', 'พิชภัทร', 'ประสบวิทยา', '6109650264', 5, 2, 'hL7Tirzop', NULL),
('นาย', 'ธนพงษ์', 'แจ้งสว่าง', '6109650272', 5, 2, 'RvzK8GzWR', NULL),
('นาย', 'จิรพัฒน์', 'แพลูกอินทร์', '6109650280', 5, 2, '5sERy2ftV', NULL),
('นาย', 'นราวิชญ์', 'คล้ายวงษ์', '6109650298', 5, 2, '2XvsicrI3', NULL),
('นาย', 'สานิต', 'คล้ายอุดม', '6109650306', 5, 2, 'Rwhwwi7Fk', NULL),
('นาย', 'ชาติณัฐ', 'เพิ่มพูล', '6109680014', 5, 1, '1XJbRq', NULL),
('นาย', 'ศรัณย์', 'ชวศุภกุล', '6109680022', 5, 1, 'i0Xwhd', NULL),
('นางสาว', 'อิบฏีซาม', 'ซามะเฮง', '6209510517', 2, 1, '@CKous|loz3Wr', NULL),
('นางสาว', 'กัญญารัตน์', 'เกิดสวัสดิ์', '6209520011', 2, 1, 'c]sbQ0N0bErx!', NULL),
('นางสาว', 'โสภาวรรณ', 'เผือยา', '6209520029', 2, 1, '@liUi[TQBsYU^', NULL),
('นาย', 'กันย์', 'เจริญนิวาสสกุล', '6209540019', 2, 1, '<^|E4WkpNSmdy', NULL),
('นาย', 'กันตพล', 'แท่นประทุม', '6209610010', 2, 1, 'WBeLl|EqIWMZp', NULL),
('นางสาว', 'นัทธมน', 'เลขะวัฒนะ', '6209610028', 2, 1, '[j9j{D(m4tb|%', NULL),
('นาย', 'ติณณ์ณพล', 'โชติพัชรโรจน์', '6209610036', 2, 1, 'O(L}Kx@m8g~xq', NULL),
('นางสาว', 'ศศิกานต์', 'พิศเพ็ง', '6209610044', 2, 1, 'cH{n49nYwA9sn', NULL),
('นางสาว', 'ปวีณ์สุดา', 'เพียรวิทยาเวช', '6209610051', 2, 1, 'WeT(e&$dAnHs<', NULL),
('นาย', 'กัญจน์พณิช', 'ตันสกุล', '6209610069', 2, 1, 'wSB*Ma]fKdj0X', NULL),
('นางสาว', 'อภิชญา', 'ตันตินีรนาท', '6209610077', 2, 1, '$MNB&XbN!vZVC', NULL),
('นาย', 'นิตินันท์', 'ทำเนียบ', '6209610085', 2, 1, ')O>6DniHkIx)i', NULL),
('นางสาว', 'ปัญจพร', 'กันไพรี', '6209610093', 2, 1, '6UKIGT(0k(iQ]', NULL),
('นาย', 'เอกพิชา', 'วิศรุตวงศา', '6209610101', 2, 1, 'jK|}LP|#(a#^n', NULL),
('นางสาว', 'เต็มดวง', 'ประสพบุญ', '6209610119', 2, 1, 'p4[&nJDjDS[%<', NULL),
('นางสาว', 'วริสรา', 'ทรงสิทธิ์', '6209610127', 2, 1, '~CGVP][B<&]@O', NULL),
('นางสาว', 'กานชญา', 'นิลพันธุ์', '6209610135', 2, 1, '70%B1kN&8Nc!0', NULL),
('นาย', 'ปรัชญา', 'เชื้อบัณฑิต', '6209610143', 2, 1, 'upw(O<oTh(M02', NULL),
('นาย', 'พีระวัฒน์', 'อยู่โรจน์', '6209610150', 2, 1, 'U[ML4a8W~(vpn', NULL),
('นาย', 'นิธิพงศ์', 'เหรียญสัมฤทธิ์', '6209610168', 2, 1, 'KLAevIrDVqxEv', NULL),
('นาย', 'หิรัณย์', 'ศรีรุ่งเรืองชัย', '6209610176', 2, 1, 'L8mX7tcJFk62N', NULL),
('นางสาว', 'มนัสนันท์', 'วาลา', '6209610184', 2, 1, 'ucE7d6v0MBBwX', NULL),
('นางสาว', 'นภัสสร', 'มะวงษา', '6209610192', 2, 1, 'NM36txF68YH1h', NULL),
('นางสาว', 'ธันยธรณ์', 'ปานเอม', '6209610200', 2, 1, 'hxPwafJw2mKcB', NULL),
('นาย', 'กนกพล', 'อินทร์หอม', '6209610218', 2, 1, 'KntcprFCFF0P0', NULL),
('นาย', 'เกียรติศักดิ์', 'จิตตรง', '6209610226', 2, 1, 'Abeg36YNOjTer', NULL),
('นาย', 'กัญจน์', 'หิรัญมาศสุวรรณ', '6209610234', 2, 1, 'znM2cvBLiXw6N', NULL),
('นาย', 'ธีรดนย์', 'เห็นใจชน', '6209610242', 2, 1, 'FXViCUKg7Xs4s', NULL),
('นางสาว', 'เพ็ญสิริ', 'บุญพิทักษ์', '6209610259', 2, 1, 'a8aBgVOQ5EQBe', NULL),
('นางสาว', 'โชติรส', 'รื่นรมย์', '6209610267', 2, 1, 'P3NhHJ7Lj6qVW', NULL),
('นางสาว', 'ณัฐพร', 'เขจรดวง', '6209610275', 2, 1, 'DqnQ2gEMSXoEZ', NULL),
('นาย', 'สุภกิณห์', 'ศรีบุญวงษ์', '6209610283', 2, 1, '6uzu1I948lXLY', NULL),
('นางสาว', 'กุลนภา', 'วรรณศรี', '6209610291', 2, 1, 'tUl1FN7EYljTG', NULL),
('นางสาว', 'ณิชากร', 'ภูนากลม', '6209610309', 2, 1, '6RrDRXEkdMOUn', NULL),
('นาย', 'สถิตย์', 'ศรีวรรณ', '6209610317', 2, 1, '1K19nhlAWXoHn', NULL),
('นาย', 'นวภูมิ', 'พานิชย์วิไล', '6209610325', 2, 1, 'Nr6QYLoA98MS8', NULL),
('นางสาว', 'ณัฏฐ์ฐิรา', 'อโรชพิวัฒน์', '6209610333', 2, 1, 'vNHIe2uBNoq4O', NULL),
('นางสาว', 'สุจารี', 'ทิพย์กล่อม', '6209610341', 2, 1, 'IhHLKEnUlja0H', NULL),
('นางสาว', 'ธิติสุดา', 'ชละเอม', '6209610358', 2, 1, 'YYnPPpAVMWvuG', NULL),
('นางสาว', 'กนกพร', 'อุบล', '6209610366', 2, 1, 'kBGMrTaWjWm7h', NULL);

--
-- Dumping data for table `subject`
--

INSERT INTO `subject` (`subID`, `subCredit`, `subName`, `semester`, `year`, `semesterrequired`, `condition1`, `condition2`, `andOr`, `passCondition`, `subjDescription`) VALUES
('BA291', 3, 'ธุรกิจเบื้องต้น', 2, 1, 2, NULL, NULL, NULL, 'F', 'ลักษณะของธุรกิจสภาพแวดล้อมและรูปแบบความเป็นเจ้าของธุรกิจ การบริหารธุรกิจกิจกรรมทางธุรกิจด้านการผลิตการตลาดการเงินการบัญชีการบริหารสารสนเทศ และการบริหารทรัพยากรมนุษย์ ทั้งนี้เพื่อปูพื้นฐานแนวความคิดของการบริหารธุรกิจ และให้เกิดความคิดรวบยอดผ่านการจัดทำแผนธุรกิจ หมายเหตุ เป็นวิชาสำหรับนักศึกษานอกคณะพาณิชย์ฯที่ประสงค์จะเรียนรายวิชาต่าง ๆ ของคณะฯเป็นวิชาโทควรจะเรียนวิชา พบ.291 ก่อนวิชาอื่นเพื่อใช้เป็นพื้นฐานในการเรียนวิชาต่างๆของคณะพาณิชย์ฯ'),
('CS101', 3, 'โครงสร้างแบบไม่ต่อเนื่อง', 1, 1, 1, NULL, NULL, NULL, 'D+', 'ตรรกศาสตร์เบื้องต้นและการประยุกต์ใช้ในวงจรดิจิทัลพื้นฐาน วิธีการพิสูจน์ เซต ฟังก์ชัน ความสัมพันธ์ พีชคณิตบูลีน พื้นฐานการนับ และ กราฟ โดยเน้นการประยุกต์ใช้ในด้านวิทยาการคอมพิวเตอร์'),
('CS102', 3, 'พื้นฐานการแก้ปัญหาและการโปรแกรมคอมพิวเตอร์', 1, 1, 1, NULL, NULL, NULL, 'D+', 'การแก้ปัญหาด้วยวิธีการทางคอมพิวเตอร์ การออกแบบและการโปรแกรมเชิงโครงสร้างชนิดของข้อมูล โครงสร้างการควบคุม ฟังก์ชันและการส่งค่าพารามิเตอร์ ฟังก์ชันเวียนเกิด การทดสอบ และตรวจหาข้อผิดพลาด'),
('CS111', 3, 'แนวคิดเชิงวัตถุ', 2, 1, 2, 'pass_CS101', 'pass_CS102', 'and', 'D+', 'พัฒนาทักษะการวิเคราะห์และการแก้ปัญหาด้วยแนวคิดเชิงวัตถุ บูรณาการแนวคิดและแนวทาง เชิงปฎิบัติที่ทันสมัยในวัฏจักรการพัฒนาซอฟต์แวร์ หลักการพื้นฐานในการเขียนโปรแกรมเชิงวัตถุตามที่วิเคราะห์และออกแบบไว้ แนวทางในการทวนสอบความสอดคล้องระหว่างแบบและซอร์สโค้ด'),
('CS213', 3, 'โครงสร้างข้อมูล', 1, 2, 4, 'ever_CS111', 'ever_CS112', 'or', 'F', 'การวิเคราะห์ขั้นตอนวิธีเบื้องต้น หลักนามธรรมข้อมูล โครงสร้างข้อมูลพื้นฐานได้แก่ ข้อมูลเชิงเส้นและข้อมูลแบบไม่เชิงเส้น การจัดสรรหน่วยเก็บแบบพลวัต เทคนิคการค้นหา และการเรียงลำดับข้อมูลในหน่วยความจำ การฝึกปฏิบัตินอกเวลา'),
('CS216', 3, 'โครงสร้างข้อมูลและขั้นตอนวิธี', 1, 2, 4, 'ever_CS111', 'ever_CS112', 'or', 'F', 'การวิเคราะห์เวลาดำเนินงานและความซับซ้อนของขั้นตอนวิธี โครงสร้างข้อมูลแบบต่าง ๆ อาร์เรย์ ลิงค์ลิสต์ สแตค คิว ทรี แฮช กราฟ ไบนารีฮีป การวิเคราะห์ความต้องการด้านเวลา และ หน่วยความจำใน การค้นหา ขั้นตอนวิธีเกี่ยวกับการค้นหาและการเรียงลำดับ การแก้ปัญหาแบบบรูทฟอร์ซ การแบ่งแล้วเข้ายึด ขั้นตอนวิธีการแบบละโมบ การชดเชยกันระหว่างเวลากับเนื้อที่ของการคำนวณ'),
('CS217', 3, 'การออกแบบและวิเคราะห์ขั้นตอนวิธี', 2, 2, 5, NULL, NULL, NULL, 'F', 'เทคนิคต่างๆ ที่ใช้ในการออกแบบและวิเคราะห์ขั้นตอนวิธี ได้แก่ วิธีการแบ่งแยกเอาชนะ วิธีละโมบ วิธีกำหนดการพลวัต วิธีการแวะผ่านบัพทุกบัพของกราฟ วิธีการย้อนรอย และวิธีบรานช์แอนบาวด์ ตัวอย่างการใช้งานครอบคลุมวิธีการเรียงลำดับ และการค้นหาข้อมูล การแปลงฟูเรียร์ ขั้นตอนวิธีแบบสุ่ม ขั้นตอนวิธีต่างๆ สำหรับกราฟ ขั้นตอนการหาค่าที่ให้ประโยชน์สูงสุด'),
('CS221', 3, 'โครงสร้างและระบบคอมพิวเตอร์เบื้องต้น', 1, 2, 4, 'ever_CS101', 'ever_CS102', 'and', 'F', 'สาระสำคัญเกี่ยวกับโครงสร้างและการอิมพลีเมนต์ดิจิทัลคอมพิวเตอร์ กระบวนการบูตเครื่องคอมพิวเตอร์ ระบบแทนข้อมูลและการจัดการข้อมูลแบบครบหน่วย ข้อผิดพลาดเกี่ยวกับการจัดเก็บและประมวลผลเลขทศนิยม ชุดคำสั่ง การแปลและประมวลผลโปรแกรม ลำดับขั้นของหน่วยความจำในระบบคอมพิวเตอร์ พื้นฐานฮาร์ดแวร์ของหน่วยประมวลผล ได้แก่ วงจรรวม วงจรซีเควนเชียล และ แนวทางการสร้างหน่วยประมวลผลแบบง่าย การต่อเชื่อมกับอุปกรณ์ภายนอก'),
('CS222', 3, 'ระบบปฏิบัติการ&nbsp;1', 2, 2, 5, 'ever_CS213', 'ever_CS211', 'and', 'F', 'พื้นฐานการออกแบบและการสร้างระบบปฏิบัติการ องค์ประกอบของระบบปฏิบัติการ การครอบครองเดี่ยว สมวาร โปรเซสและการจัดการ การจัดการหน่วยความจำ ระบบไฟล์ การจัดการอุปกรณ์ระบบความปลอดภัย กรณีศึกษา'),
('CS233', 3, 'สถาปัตยกรรมคอมพิวเตอร์และระบบปฎิบัติการ', 1, 2, 4, 'ever_101', 'ever_CS102', 'and', 'F', 'สถาปัตยกรรมชุดคำสั่ง การประมวลผลแบบสายท่อ มัลติโพรเซสเซอร์ การจัดการหน่วยความจำ แคชและการ จัดระบบหน่วยความจำเสมือน การประสานเวลาของโปรเซส การจัดตารางซีพียู มัลติเธรดดิ้งระบบไฟล์ การควบคุมอินพุตเอาท์พุตและอุปกรณ์'),
('CS234', 3, 'ระบบเครือข่ายคอมพิวเตอร์และความปลอดภัย', 2, 2, 5, 'ever_CS233', NULL, NULL, 'F', 'ระบบเครือข่ายอินเทอร์เน็ต รวมถึงความปลอดภัยของสารสนเทศ ลายมือชื่อดิจิทัล ใบรับรองดิจิทัล โปรแกรมที่มีจุดประสงค์ร้าย นโยบายและแบบจำลองความปลอดภัย การรับรองความปลอดภัย การวิเคราะห์ความเสี่ยง การจัดการความปลอดภัยของระบบสารสนเทศ'),
('CS241', 3, 'ภาษาโปรแกรมและกรอบความคิด', 2, 2, 5, 'ever_CS111', 'ever_CS112', 'or', 'F', 'หลักการของภาษาโปรแกรม ไวยกรณ์และวากยะสัมพันธ์ ศึกษากรอบแนวคิดของภาษาโปรแกรมประเภทต่างๆ การโปรแกรมโดยคำนึงถึงสมรรถนะ การโปรแกรมโดยอาศัยส่วนต่อประสานโปรแกรมประยุกต์ ไลบรารี่สำหรับจัดการข้อมูล และการโปรแกรมเชิงเหตุการณ์'),
('CS245', 3, 'หลักการวิทยาการข้อมูล', 2, 2, 5, 'ever_ST216', 'ever_ST211', 'or', 'F', 'หลักการพื้นฐานของวิทยาการข้อมูลที่เกี่ยวข้งกับอัลกอริทึม กระบวนการ วิธีการและหลักการคิด รวมทั้งเครื่องมือที่ใช้ในการวิเคราะห์ข้อมูล หัวข้อพื้นฐานในวิทยาการข้อมูล ได้แก่ การจัดการข้อมูล การวิเคราะห์ข้อมูลเชิงสถิติ และเชิงการเรียนรู้ของเครื่องจักร การนำเสนอข้อมูลด้วยทัศนสารสนเทศและการทำงานกับข้อมูลขนาดใหญ่'),
('CS246', 3, 'การแสดงข้อมูล', 2, 2, 5, 'ever_CS245', NULL, NULL, 'F', 'หลักการออกแบบ พัฒนาและการประเมินการแสดงข้อมูล การได้มา การแยก และการวิเคราะห์ ข้อมูลขนาดใหญ่ เทคนิคและเครื่องมือสำหรับข้อมูลรูปแบบต่างๆ เพื่อสื่อสารสิ่งที่ค้นพบหรือคำตอบของปัญหา สำหรับสนับสนุนการตัดสินใจ'),
('CS251', 3, 'ระบบฐานข้อมูล&nbsp;1', 2, 2, 5, 'ever_CS213', 'ever_CS216', 'or', 'F', 'แนวคิดพื้นฐานและสถาปัตยกรรมของระบบฐานข้อมูล การจำลองข้อมูลเชิงแนวคิด การออกแบบฐานข้อมูลและการทำให้เกิดผล ภาษาสอบถาม เมตาเดตา การจัดระเบียบแฟ้มและหน่วยเก็บข้อมูลเชิงกายภาพ แนะน าการจัดการรายการเปลี่ยนแปลง มีฝึกปฏิบัตินอกเวลา'),
('CS253', 3, 'การเขียนโปรแกรมสำหรับธุรกิจ', NULL, NULL, NULL, 'ever_CS102', 'ever_CS103', 'or', 'F', 'การแก้ปัญหาทางธุรกิจแบบเบื้องต้นด้วยวิธีการทางคอมพิวเตอร์ การออกแบบและพัฒนา อัลกอริทึมด้วยเทคนิคและเครื่องมือทางคอมพิวเตอร์ที่เหมาะสมกับปัญหาทางธุรกิจ การทดสอบ และ ตรวจหาข้อผิดพลาด การพัฒนาส่วนต่อประสานผู้ใช้เชิงกราฟิกเบื้องต้น การพัฒนาโปรแกรมเชิงเหตุการณ'),
('CS254', 3, 'การเขียนโปรแกรมด้วยภาษาไพทอน', NULL, NULL, NULL, 'ever_CS111', NULL, NULL, 'F', 'การแก้ปัญหาด้วยวิธีการทางคอมพิวเตอร์ด้วยภาษาไพทอน การโปรแกรมเชิงโครงสร้าง ชนิดของ ข้อมูลพื้นฐาน โครงสร้างการควบคุม ฟังก์ชัน ฟังก์ชันเวียนเกิด โครงสร้างข้อมูลพื้นฐาน ลิสต์ ทูเพิล เซ็ต ดิกชันนารี เรนจ์ การทดสอบ ตรวจหาข้อผิดพลาด การโปรแกรมเชิงวัตถุด้วยภาษาไพทอน คลาส เมธอด ไลบราลีภาษาไพทอนส าหรับการประมวลผลเชิงตัวเลข อาร์เรย์และแมทริกซ์ไลบราลีภาษาไพทอนส าหรับ แสดงข้อมูล พื้นฐานการใช้งานไลบราลีภาษาไพทอนส าหรับการวิเคราะห์ข้อมูล'),
('CS262', 3, 'การทดสอบซอฟต์แวร์เบื้องต้น', 1, 2, 4, 'ever_CS111', NULL, NULL, 'F', 'แนวคิดการทดสอบและการประกันคุณภาพซอฟต์แวร์ เทคนิคการสร้างข้อมูลการทดสอบแบบแบลคบอกซ์และไวท์บอกซ์ การทดสอบซอฟต์แวร์ในระดับยูนิต โมดูล ระบบย่อย และทั้งระบบกระบวนการทดสอบและการวางแผนการทดสอบซอฟต์แวร์'),
('CS264', 3, 'วิศวกรรมซอฟต์แวร์เบื้องต้น', 1, 2, 4, 'ever_CS111', 'ever_CS112', 'or', 'F', 'คุณลักษณะซอฟต์แวร์ คุณภาพของซอฟต์แวร์และโครงการซอฟต์แวร์ หลักการของวิศวกรรมซอฟต์แวร์ ระเบียบวิธีในการพัฒนาซอฟต์แวร์ กระบวนการพัฒนาซอฟต์แวร์ที่สำคัญ การวางแผนและจัดการโครงการ การประเมินเวลาและค่าใช้จ่าย วิเคราะห์และการระบุข้อกำหนด เทคนิคการวิเคราะห์และออกแบบซอฟต์แวร์ แนะนำสถาปัตยกรรมซอฟต์แวร์ เทคนิคการพัฒนาโปรแกรม การตรวจสอบและการทวนสอบซอฟต์แวร์ วิวัฒนาการของซอฟต์แวร์ สภาพแวดล้อมการผลิตซอฟต์แวร์และเครื่องมือช่วยจัดการโครงการ กรณีศึกษา มีฝึกปฏิบัตินอกเวลา'),
('CS265', 3, 'ปัญญาประดิษฐ์เบื้องต้น', 1, 3, 7, 'ever_CS213', 'ever_CS216', 'or', 'F', 'ปัญหาทางปัญญาประดิษฐ์ การแทนความรู้ การค้นหาแบบไม่มีข้อมูล การค้นหาแบบมีข้อมูล ปัญหาการทำตามเงื่อนไข ตรรกศาสตร์และการให้เหตุผลอัตโนมัติ ทฤษฎีเกม การเรียนรู้ของเครื่องจักร เบื้องต้น'),
('CS266', 3, 'กระบวนการซอฟต์แวร์และการประกันคุณภาพ', 1, 3, 7, 'ever_CS264', NULL, NULL, 'F', 'องค์ประกอบของกระบวนการซอฟต์แวร์ครอบคลุม กิจกรรม วิธีการ และวิธีปฏิบัติที่ใช้ เพื่อพัฒนาและบำรุงรักษาซอฟต์แวร์ รวมถึงชิ้นงานอื่นๆที่เกี่ยวข้องกับการพัฒนาซอฟต์แวร์ แนะนำหลักการเบื้องต้นของการประกันคุณภาพของกระบวนการพัฒนาซอฟต์แวร์ และตัวซอฟต์แวร์ แนะนำการใช้ร่วมกับความรู้เบื้องต้นในการนิยามสำหรับตัววัด และการวัด'),
('CS267', 3, 'การกำหนดและการจัดการความต้องการทางซอฟต์แวร์', 2, 2, 5, 'ever_CS264', NULL, NULL, 'F', 'กระบวนการในการหาความต้องการในหลายรูปแบบได้แก่ การสืบค้น การวิเคราะห์ การหาข้อตกลง การระบุข้อกำหนด การทวนสอบ และหลักการเบื้องต้นของการบริหารจัดการความต้องการศึกษาระเบียบวิธี แนะนำเทคนิคและเครื่องมือที่จะนำไปใช้เพื่อนิยาม สร้างเอกสาร และประกันความพึงพอใจของลูกค้า'),
('CS285', 3, 'การประมวลสารสนเทศของมนุษย', NULL, NULL, NULL, NULL, NULL, NULL, 'F', 'งานวิจัยและทฤษฎีเบื้องต้นเกี่ยวกับการประมวลผลสารสนเทศของมนุษย์ ความใส่ใจ การรู้จ าแบบ ความจ า การแทนองค์ความรู้และภาษา กระบวนการแก้ไขปัญหา กระบวนการหาเหตุผล และกระบวนการ เรียนรู้ ความสัมพันธ์ระหว่างกระบวนการรู้จ าของมนุษย์กับต้นแบบทางคอมพิวเตอร์ และการประมวล นัยส าคัญของเนื้อหาเกี่ยวกับการรู้จ าเพื่อสร้างระบบสารสนเทศ'),
('CS299', 3, 'คอมพิวเตอร์กราฟิก&nbsp;1', 1, 2, 4, 'ever_CS111', NULL, NULL, 'F', 'ซอฟต์แวร์และฮาร์ดแวร์ สำหรับคอมพิวเตอร์กราฟิกแบบโต้ตอบ วิธีการทั่วไปที่ใช้ในการออกแบบและแสดงผลภาพ การดำเนินการพื้นฐานในปริภูมิ 2 มิติและ 3 มิติ การแปลงในระบบเรขาคณิต การแปลงจุดหรือตำแหน่งที่มองเห็น การตัดภาพ ทฤษฎีสี มีฝึกปฏิบัตินอกเวลา'),
('CS300', 1, 'สัมมนาการโปรแกรมภาคปฏิบัติ', 1, 2, 4, 'pass_CS111', NULL, NULL, 'U', 'สัมมนา การออกแบบและการโปรแกรมคอมพิวเตอร์เชิงโครงสร้างและเชิงวัตถุเพื่อการแก้ไขปัญหาให้ปฏิบัติได้จริงสำหรับปัญหาพิเศษทางวิทยาการคอมพิวเตอร์ การวัดผลแบ่งเป็น 2 ระดับ คือ ระดับ S(ใช้ได้) และ ระดับ U (ยังใช้ไม่ได้)'),
('CS301', 3, 'ข้อเสนอและการนำเสนอโครงงานทางวิทยาการคอมพิวเตอร์', 1, 3, 7, NULL, NULL, NULL, 'F', 'การคิดเชิงวิพากษ์ การสืบค้น การวางแผน และการทำงานเป็นทีมในการดำเนินโครงงานทางวิทยาการคอมพิวเตอร์รูปแบบการเขียนรายงาน การอ้างอิงเชิงวิชาการรวมถึงเทคนิคการนำเสนอ'),
('CS302', 3, 'การเตรียมความพร้อมสำหรับสหกิจศึกษา', 1, 3, 7, NULL, NULL, NULL, 'F', 'ฝึกฝนทักษะที่จำเป็นต้องใช้ในการทำงาน การเขียนใบสมัครงาน การเขียนประวัติ การสัมภาษณ์ การคิดเชิงวิพากษ์ การสืบค้นข้อมูลเพื่อประกอบการทำงาน การทำงานเป็นทีมในการพัฒนาซอฟต์แวร์การนำเสนอ รวมถึงเทคนิคการเจรจาสื่อสารภายในองค์กร'),
('CS303', 2, 'โครงงานพิเศษ&nbsp;1', 2, 3, 8, 'ever_CS111', 'pass_CS300', 'and', 'D+', 'โครงงานการศึกษาจะกำหนดหรือได้รับอนุมัติจากสาขาวิชาศึกษาหัวข้อทางวิชาการ โดยมีวัตถุประสงค์ให้นักศึกษาค้นคว้าทางวิชาการ เขียนรายงาน และเสนอต่อคณะกรรมการ'),
('CS304', 2, 'สหกิจศึกษา&nbsp;1', 3, 3, 9, 'ever_CS302', NULL, NULL, 'F', 'การปฏิบัติงานที่ได้รับมอบหมายจากสถานประกอบการที่ได้รับความเห็นชอบจากสาขาวิชา โดยนักศึกษาต้องนำความรู้ทางวิชาการที่ได้เรียนไปประยุกต์ใช้และฝึกทักษะในภาวะแวดล้อมการทำงานจริง ภายใต้การกำกับดูแลของสถานประกอบการนั้น โดยต้องแสดงงานที่ได้รับมอบหมายอย่างชัดเจน พร้อมทั้งแนวคิดที่ใช้ในการออกแบบ พัฒนาและประยุกต์ เมื่อเสร็จสิ้นโครงงานแล้วต้องจัดส่งผลงานใน รูปแบบของรายงานตามที่สาขาวิชากำหนด'),
('CS305', 3, 'จรรยาบรรณทางวิชาชีพและเชิงสังคม', 2, 3, 8, NULL, NULL, NULL, 'F', 'บริบททางสังคมของระบบคอมพิวเตอร์วิธีการและเครื่องมือในการวิเคราะห์ความรับผิดชอบและจรรยาบรรณทางวิชาชีพ กฎหมายทรัพย์สินทางปัญญาการยอมรับความเสี่ยงและการชดใช้ต่อระบบคอมพิวเตอร์การละเมิดทรัพย์สินทางปัญญา การละเมิดสิทธิส่วนบุคคลอาชญากรรมในระบบคอมพิวเตอร์'),
('CS314', 3, 'ทฤษฎีออโตมาตา', 1, 3, 7, 'ever_CS241', NULL, NULL, 'F', 'มูลฐานของเครื่องจักรนามธรรมและภาษา ทฤษฎีออโตมาตา นิพจน์แบบเรกูลาร์ ภาษาแบบเรกูลาร์ ออโตมาตาแบบกดลง ภาษาไม่พึ่งบริบท เครื่องจักรทัวริง ปัญหาการหยุด ความสามารถและประสิทธิภาพในการแก้ปัญหาของเครื่องคอมพิวเตอร์'),
('CS319', 3, 'หัวข้อเลือกสรรทางวิทยาการคอมพิวเตอร', NULL, NULL, NULL, 'ever_CS111', NULL, NULL, 'F', 'หัวข้อเลือกสรรจากความก้าวหน้าด้านงานวิจัยและเทคโนโลยีของวิทยาการคอมพิวเตอร์ ที่ เปลี่ยนแปลงตามยุคสมัยและเทคโนโลยี'),
('CS320', 3, 'หัวข้อเลือกสรรด้านสถาปัตยกรรมคอมพิวเตอร์', NULL, NULL, NULL, 'ever_CS221', NULL, NULL, 'F', 'หัวข้อเลือกสรรจากความก้าวหน้าด้านงานวิจัยและเทคโนโลยีของสถาปัตยกรรมคอมพิวเตอร์ ที่เปลี่ยนแปลงตามยุคสมัยและเทคโนโลยี'),
('CS322', 3, 'คอมพิวเตอร์เครือข่าย', 1, 3, 7, 'ever_CS222', NULL, NULL, 'F', 'องค์ประกอบหลักและมาตรฐานเครือข่ายสำหรับการโอนถ่ายข้อมูลผ่านระบบเครือข่ายอินเทอร์เน็ต แบบจำลองแบบลำดับขั้นโอเอสไอ แบบจำลองแบบลำดับขั้นทีซีพี/ไอพี หน้าที่หลักของแต่ละลำดับขั้น โปรโตคอลหลักในแต่ละลำดับขั้นและการทำงานร่วมกัน การเขียนโปรแกรมซ็อกเก็ต'),
('CS324', 3, 'ความปลอดภัยของระบบคอมพิวเตอร', 2, 3, 8, 'ever_CS322', NULL, NULL, 'F', 'ความปลอดภัยของสารสนเทศ ระบบคอมพิวเตอร์ ฐานข้อมูล เครือข่ายและการสื่อสาร การเข้ารหัสแบบสมมาตรและอสมมาตร ลายมือชื่อดิจิทัล ใบรับรองดิจิทัล โปรแกรมที่มีจุดประสงค์ร้าย นโยบายและแบบจำลองความปลอดภัย การรับรองความปลอดภัย การวิเคราะห์ความเสี่ยง การจัดการความปลอดภัยของระบบสารสนเทศ'),
('CS325', 3, 'เครือข่ายคอมพิวเตอร์ภาคปฏิบัติ', NULL, NULL, NULL, 'pass_CS322', 'pass_CS334', 'or', 'D+', 'ความรู้ขั้นสูงเกี่ยวกับการสื่อสารผ่านเครือข่ายคอมพิวเตอร์ ทักษะการต่อเชื่อมและการตั้งค่า อุปกรณ์ภายในระบบเครือข่าย การตั้งค่าอุปกรณ์เครือข่ายหลักได้แก่ เราท์เตอร์ สวิตช์ และระบบ ปลายทาง ไอพีโพรโทคอลเวอร์ชัน 6 การจัดแบ่งเลขที่อยู่แบบไอพี เทคนิคการแปลงหมายเลขไอพี(แนท) โพรโทคอลสนับสนุนการตั้งค่าก าหนดที่โฮสต์แบบพลวัตร (ดีเอชซีพี) สวิตช์เน็ตเวิร์ก ข่ายงานบริเวณ เฉพาะที่แบบเสมือน การค้นหาเส้นทางระหว่างข่ายงานเฉพาะที่แบบเสมือน โพรโทคอลค้นหาเส้นทาง การ ป้องกันการโจมตีระบบคอมพิวเตอร์ผ่านทางเครือข่ายเบื้องต้น การควบคุมการผ่านเข้าออก'),
('CS326', 3, 'การออกแบบระบบฝังตัว', NULL, NULL, NULL, 'ever_CS221', NULL, NULL, 'F', 'การออกแบบให้องค์ประกอบฮาร์ดแวร์และซอฟต์แวร์ท างานร่วมกันในระบบฝังตัว เป็นการ ออกแบบระบบที่เป็นการใช้งานแบบจ าเพาะเจาะจง การพิจารณาลักษณะการใช้งานต่างๆ รวมถึงงานวิจัย ที่เกี่ยวข้อง'),
('CS327', 3, 'การคำนวณเชิงขนาน', NULL, NULL, NULL, 'ever_CS222', NULL, NULL, 'F', 'วัตถุประสงค์และการใช้งานการค านวณเชิงขนาน สถาปัตยกรรมของคอมพิวเตอร์เชิงขนาน ทฤษฎีและฝึกทักษะเกี่ยวกับการแปลงงานค านวณแบบล าดับเป็นแบบขนาน การเขียนโปรแกรมเชิงขนาน ส าหรับเครื่องมัลติโพรเซสเซอร์แบบร่วมใช้หน่วยความจ าและแบบหน่วยความจ ากระจาย การสร้าง โปรแกรมแบบขนานส าหรับหน่วยประมวลผลกราฟิก และประเด็นเกี่ยวกับประสิทธิภาพ ได้แก่การ วิเคราะห์ อัตราความเร็วขึ้น ประสิทธิภาพ ความสามารถในการปรับขนาด และเวลาสูญเปล่า'),
('CS328', 3, 'การออกแบบขั้นตอนวิธีแบบขนาน', NULL, NULL, NULL, 'ever_CS217', 'ever_CS222', 'and', 'F', 'หลักการแยกงาน เทคนิคการจ่ายงานไปยังหน่วยประมวลผลเพื่อสร้างสมดุลของภาระงาน วิธีการ ลดค่าใช้จ่ายในการสื่อสารระหว่างงานให้ต่ าที่สุด โมเดลในการออกแบบขั้นตอนวิธีแบบขนาน ได้แก่ โมเดล แบ่งข้อมูลแบบขนาน โมเดลรวมกลุ่มงาน โมเดลกราฟงาน โมเดลหัวหน้าลูกน้อง ไพพ์ไลน์ และโมเดล ผสมผสาน ตัวอย่างขั้นตอนวิธีแบบขนาน'),
('CS329', 3, 'การสร้างโมเดลและการจำลองสถานการณ์เบื้องต้น', NULL, NULL, NULL, 'ever_ST216', 'ever_CS213', 'and', 'F', 'ทฤษฎีคิว พื้นฐานของการสร้างโมเดล หลักการจ าลองสถานการณ์ และระเบียบวิธีการวิเคราะห์ โดยเน้นที่การจ าลองสถานการณ์แบบเหตุการณ์ไม่ต่อเนื่อง เครื่องมือเพื่อการจ าลองสถานการณ์และ ด าเนินการศึกษาเพื่อแก้ไขปัญหาวิจัยที่เกิดขึ้นในระบบคอมพิวเตอร์ที่มีความซับซ้อน การตรวจสอบโมเดล และประเด็นเชิงสถิติในการวิเคราะห์ผลลัพธ์จากการจ าลองสถานการณ'),
('CS330', 3, 'หัวข้อเลือกสรรด้านคอมพิวเตอร์เครือข่าย', NULL, NULL, NULL, 'ever_CS322', 'ever_CS334', 'or', 'F', 'หัวข้อเลือกสรรจากความก้าวหน้าด้านงานวิจัยและเทคโนโลยีของระบบเครือข่าย ที่เปลี่ยนแปลง ตามยุคสมัยและเทคโนโลยี'),
('CS332', 3, 'เทคโนโลยีกลุ่มเมฆเบื้องต้น', NULL, NULL, NULL, 'ever_CS222', 'ever_CS334', 'or', 'F', 'คุณลักษณะของการประมวลผลแบบกลุ่มเมฆ รูปแบบการให้บริการของการประมวลผลแบบกลุ่ม เมฆ เช่น ไอเอเอเอส พีเอเอเอส และเอสเอเอเอส ทักษะการพัฒนาแอพพลิเคชันเพื่อให้บริการผ่าน เทคโนโลยีกลุ่มเมฆ การรักษาความปลอดภัยบนกลุ่มเมฆ'),
('CS333', 3, 'บริการอินเทอร์เน็ตที่ปรับขนาดได', NULL, NULL, NULL, 'pass_CS222', 'pass_CS334', 'or', 'D+', 'หัวข้อทางระบบปฎิบัติการขั้นสูง การประมวลผลแบบกระจายศูนย์ การท างานแบบพร้อมเพรียง การสื่อสารระหว่างกระบวนการท างาน เพื่อใช้ในการออกแบบสถาปัตยกรรมและสร้างระบบเพื่อให้บริการ ประมวลผลบนอินเทอร์เน็ตที่มีความยืดหยุ่นและสามารถปรับขนาดได้ เทคนิควิธีและเทคโนโลยีต่างๆ ที่ใช้ ในการปรับขนาดได้แบบแนวตั้งและแนวนอน การแบ่งและกระจายงานในกลุ่มเครือข่ายของเครื่องแม่ข่าย ระบบ การส าเนาและแบ่งข้อมูลเก็บเป็นส่วนๆ ความปลอดภัยระบบ และการเฝ้าสังเกตประสิทธิภาพการ ท างานของระบบ กรณีศึกษา'),
('CS335', 3, 'สถาปัตยกรรมคอมพิวเตอร์', 2, 3, 8, 'ever_CS222', NULL, NULL, 'F', 'หัวข้อเกี่ยวกับสมรรถนะของระบบคอมพิวเตอร์ หัวข้อขั้นสูงเกี่ยวกับการออกแบบหน่วยประมวลผล ได้แก่ ไพพ์ไลนิง การจัดลำดับงานแบบสถิตและแบบพลวัตร การประมวลผลซูเปอร์สเกลาและเวกเตอร์ หัวข้อขั้นสูงเกี่ยวกับลำดับขั้นของหน่วยความจำในระบบคอมพิวเตอร์ ได้แก่ การเพิ่มประสิทธิภาพของแคช และ หน่วยความจ าเสมือน มัลติโพรเซสเซอร์และแคชโคฮีเรนต์'),
('CS339', 3, 'หัวข้อเลือกสรรด้านระบบปฏิบัติการ', NULL, NULL, NULL, 'ever_CS222', 'ever_CS233', 'or', 'F', 'หัวข้อเลือกสรรจากความก้าวหน้าด้านงานวิจัยและเทคโนโลยีของระบบปฏิบัติการ ที่เปลี่ยนแปลง ตามยุคสมัยและเทคโนโลยี'),
('CS340', 3, 'หัวข้อเลือกสรรด้านระบบสารสนเทศ', NULL, NULL, NULL, 'ever_CS251', 'ever_CS356', 'or', 'F', 'หัวข้อเลือกสรรจากความก้าวหน้าด้านงานวิจัยและเทคโนโลยีของระบบสารสนเทศ ที่เปลี่ยนแปลง ตามยุคสมัยและเทคโนโลยี'),
('CS345', 3, 'การเรียนรู้ของเครื่องจักรและการทำเหมืองข้อมูลเชิงประยุกต์', NULL, NULL, NULL, 'ever_CS245', NULL, NULL, 'F', 'หลักการพื้นฐานของการออกแบบอัลกอริทึมและการวิเคราะห์ข้อมูลส าหรับการเรียนรู้ของ เครื่องจักร โดยใช้เทคนิคเชิงสถิติและความน่าจะเป็น การหาค่าเหมาะสมที่สุดเชิงการจัด ส าหรับการเรียนรู้ เชิงเครื่องจักร หลักการและเทคนิคในการท าเหมืองข้อมูลได้แก่ การจ าแนกประเภท การวิเคราะห์ ความสัมพันธ์และการจัดกลุ่ม รวมทั้งข้อดีและข้อจ ากัดของเทคนิคดังกล่าว'),
('CS347', 3, 'คลังข้อมูลและอัจฉริยะทางธุรกิจ', 2, 3, 8, 'ever_CS245', NULL, NULL, 'F', 'หลักการของคลังข้อมูล สถาปัตยกรรมระบบคลังข้อมูล การออกแบบฐานข้อมูลเชิงกายภาพ ตัวแบบเชิงมิติ การสกัด การแปลง และการโหลดข้อมูล การประยุกต์ใช้คลังข้อมูล การวิเคราะห์เชิงธุรกิจ การประมวลผลเชิงวิเคราะห์แบบออนไลน์ (OLAP) การทำเหมืองข้อมูลเบื้องต้น และการทำมโนภาพข้อมูล (Visualization) ตัวแบบและเทคโนโลยีการจัดเก็บข้อมูล เครื่องมือ และเทคนิคโปรแกรมสำเร็จรูป เพื่อสร้างอัจฉริยะทางธุรกิจ'),
('CS348', 3, 'แบบจำลองสำหรับวิทยาการข้อมูล', 1, 3, 7, 'ever_CS245', NULL, NULL, 'F', 'หลักการพื้นฐานสำหรับการอนุมานเชิงสถิติและการทดสอบ ได้แก่ วิธีภาวะน่าจะเป็นสูงสุด การทดสอบสมมุติฐาน การทดสอบ likelihood ratio การอนุมานแบบเบย์ เป็นต้น หลักการพื้นฐานของแบบจำลองเชิงสถิติ ได้แก่ โมเดลการถดถอยเชิงเส้น การถดถอยแบบไร้พารามิเตอร์ การคำนวณเชิงสถิติ เป็นต้น การนำแบบจำลองเชิงสถิติไปใช้สำหรับการแทนข้อมูล การจัดดำเนินการข้อมูล การจำลองความไม่แน่นอน และการค้นหาความเข้าใจในเชิงลึกจากข้อมูลที่มี'),
('CS350', 3, 'หัวข้อเลือกสรรด้านภาษาโปรแกรม', NULL, NULL, NULL, 'ever_CS241', NULL, NULL, 'F', 'หัวข้อเลือกสรรจาก ความก้าวหน้าด้านงานวิจัยและเทคโนโลยีของภาษาโปรแกรมที่น่าสนใจ ที่ เปลี่ยนแปลงตามยุคสมัยและเทคโนโลย'),
('CS351', 3, 'ระบบคอมพิวเตอร์ในธุรกิจและการพาณิชย์อิเล็กทรอนิกส์', NULL, NULL, NULL, 'ever_CS251', NULL, NULL, 'F', 'แนวคิดการใช้งานระบบสารสนเทศในการบริหารจัดการธุรกิจ โปรแกรมคอมพิวเตอร์ประยุกต์ใน งานธุรกิจ การด าเนินกิจกรรมทางธุรกิจผ่านเครือข่ายคอมพิวเตอร์ โครงสร้างพื้นฐานของพาณิชย์ อิเล็กทรอนิกส์ มาตรฐานการด าเนินการและการแลกเปลี่ยนข้อมูลทางอิเล็กทรอนิกส'),
('CS352', 3, 'การจำลองคอมพิวเตอร์และเทคนิคการพยากรณ์สำหรับธุรกิจ', NULL, NULL, NULL, 'ever_CS251', NULL, NULL, 'F', 'แนวคิดพื้นฐานของการสร้างตัวแบบจ าลอง การออกแบบ การทดลอง การทดสอบตัวแบบจ าลอง การประเมินผลลัพธ์ ข้อจ ากัดของเทคนิคการจ าลองแบบ การใช้การจ าลองแบบเพื่อการตัดสินใจทางธุรกิจ หลักการและเทคนิคการพยากรณ์เชิงปริมาณและคุณภาพ และการประยุกต์ใช้ในธุรกิจ'),
('CS353', 3, 'การค้นคืนสารสนเทศ', NULL, NULL, NULL, 'ever_CS251', NULL, NULL, 'F', 'ทฤษฎีและกระบวนการสร้างดรรชนีและการค้นคืนสารสนเทศด้วยระบบคอมพิวเตอร์ ตัวแบบ แบบบูล ตัวแบบแบบเวกเตอร์ การประมวลผลและวิเคราะห์ข้อความ การประเมินระบบค้นคืนสารสนเทศ โปรแกรมค้นหาบนเว็บ'),
('CS354', 3, 'ระบบฐานข้อมูล&nbsp;2', NULL, NULL, NULL, 'ever_CS251', NULL, NULL, 'F', 'หลักการและเทคนิคการออกแบบระบบการจัดการฐานข้อมูลขั้นสูง เนื้อหาครอบคลุม วิธีเข้าถึง ประสิทธิภาพและการประมวลผลข้อค าถาม การประมวลผลรายการเปลี่ยนแปลง การควบคุมภาวะพร้อม กัน การกู้ข้อมูล และความปลอดภัยของข้อมูล ระบบฐานข้อมูลแบบกระจาย แนวคิด การออกแบบ และการจัดการรายการเปลี่ยนแปลง แนะน าระบบฐานข้อมูลเชิงวัตถุ'),
('CS355', 3, 'การสร้างโปรแกรมแปลภาษา', NULL, NULL, NULL, 'ever_CS314', NULL, NULL, 'F', 'การพัฒนาโปรแกรมแปลภาษา การวิเคราะห์เล็กซิคอล การวิเคราะห์ไวยกรณ์และความหมายของ ภาษาโปรแกรม การสร้างตารางสัญลักษณ์ การสร้างรหัส การคืนสภาพเมื่อเกิดข้อผิดพลาด ตลอดจนการ จัดการหน่วยความจ าและการสนับสนุนขณะท างาน'),
('CS356', 3, 'ระบบสารสนเทศเพื่อการบริหาร', NULL, NULL, NULL, 'ever_CS251', NULL, NULL, 'F', 'แนวคิดเบื้องต้นเกี่ยวกับระบบสารสนเทศ องค์กร และการบริหาร โครงสร้างพื้นฐานทางด้าน เทคโนโลยีสารสนเทศส าหรับองค์กร ระบบสารสนเทศที่ส าคัญในองค์กร อาทิ ระบบสารสนเทศเพื่อการ บริหาร ระบบสารสนเทศเพื่อการด าเนินงาน แนวทางการพัฒนาระบบสารสนเทศและการบริหารการใช้ งานระบบ ประเด็นทางด้านจริยธรรมและผลกระทบทางด้านสังคมที่เกี่ยวข้องกับการใช้ระบบ'),
('CS357', 3, 'ระบบสารสนเทศเพื่อการบริหารธุรกิจผู้ประกอบการ', NULL, NULL, NULL, 'ever_BA291', 'ever_CS351', 'and', 'F', 'โครงสร้างของสารสนเทศ หลักการและกระบวนการในการเป็นผู้ประกอบการด าเนินธุรกิจทางด้าน สารสนเทศ ความรู้เบื้องต้นในการบริหารการเงิน การตลาด การประเมินโอกาส การคุ้มครองทรัพย์สินทาง ปัญญา การจัดการสินค้าและบริการด้านเทคโนโลยีสารสนเทศ การสร้างทีมงาน การท าข้อตกลงทางธุรกิจ ความคิดสร้างสรรค์และการสร้างแผนธุรกิจ จรรยาบรรณและส านึกการเป็นผู้ประกอบการ และกรณีศึกษา'),
('CS361', 3, 'การพัฒนาโปรแกรมประยุกต์สำหรับอุปกรณ์พกพา', 1, 3, 7, 'ever_CS251', NULL, NULL, 'F', 'ภาพรวมการพัฒนาโปรแกรมประยุกต์สำหรับอุปกรณ์พกพา เว็บแอพพลิเคชันบนอุปกรณ์พกพา แพลตฟอร์มของอุปกรณ์พกพา ข้อจำกัดและความต้องการในการออกแบบส่วนต่อประสานผู้ใช้สำหรับ อุปกรณ์ที่มีทรัพยากรจำกัด แนวคิดโดยรวม ปัญหาการออกแบบ และขั้นตอนการพัฒนาในทางปฏิบัติ'),
('CS366', 3, 'สถาปัตยกรรมซอฟต์แวร์วิสาหกิจ', 2, 3, 8, 'ever_CS266', NULL, NULL, 'F', 'แนวคิดเกี่ยวกับสถาปัตยกรรมซอฟต์แวร์วิสาหกิจ สถาปัตยกรรมซอฟต์แวร์วิสาหกิจจาก มุมมองด้านโครงสร้างและพฤติกรรมการทำงานของระบบ รวมทั้งจุดแข็งและจุดอ่อนของแต่ละด้าน การศึกษาแม่แบบสถาปัตยกรรมซอฟต์แวร์วิสาหกิจ และการประยุกต์ใช้แม่แบบสถาปัตยกรรม และกรณีศึกษาการใช้เทคนิคในการออกแบบสถาปัตยกรรมซอฟต์แวร์วิสาหกิจ'),
('CS367', 3, 'แนวคิดการพัฒนาเว็บบริการ', 2, 3, 8, 'ever_CS251', 'ever_CS234', 'and', 'F', 'แนวคิดและทฤษฎีเกี่ยวกับเว็บบริการ สถาปัตยกรรมเว็บบริการ มาตรฐานที่เกี่ยวข้องทางเว็บบริการ โปรโตคอลการรักษาความปลอดภัยของเว็บบริการ เทคโนโลยีที่ใช้ในการพัฒนาเว็บบริการ การบูรณาการทฤษฎีกับการออกแบบพัฒนาเว็บบริการเพื่อใช้งานจริงในทางธุรกิจ'),
('CS368', 3, 'การเป็นผู้ประกอบการสำหรับผลิตภัณฑ์ดิจิทัล', 1, 3, 7, 'ever_CS267', NULL, NULL, 'F', 'ศึกษากระบวนการของผู้ประกอบการโดยเน้นที่การพัฒนาและบริหารผลิตภัณฑ์ดิจิทัล การสร้างแนวคิด ความคิดสร้างสรรค์ รูปแบบของการทำธุรกิจเริ่มต้น ฝึกปฏิบัติกิจกรรมของผู้ประกอบการ การสร้างวิสัยทัศน์ของสินค้า การวิเคราะห์กรณีธุรกิจ การวิเคราะห์โอกาสของผลิตภัณฑ์ การระบุตำแหน่งในตลาดของผลิตภัณฑ์ การออกแบบและพัฒนาผลิตภัณฑ์'),
('CS369', 3, 'การพัฒนาเว็บแอพพลิเคชัน', NULL, NULL, NULL, 'ever_CS234', 'ever_CS322', 'or', 'F', 'พื้นฐานระบบและโพรโทคอลการให้บริการทางอินเทอร์เน็ต การพัฒนาและการติดตั้งเว็บแอพ พลิเคชัน โดยหัวข้อครอบคลุมเทคนิคการพัฒนาเว็บแอพพลิเคชันทั้งด้านเว็บไคลแอนต์ และเซิร์ฟเวอร์การ จัดการเซสชัน การท างานร่วมกับระบบบริการออนไลน์อื่น การรักษาความมั่นคง แพทเทิร์นการออกแบบ เว็บ และการน าองค์ประกอบของเว็บแอพพลิเคชันกลับมาใช้อีก'),
('CS370', 3, 'หัวข้อเลือกสรรด้านระบบปัญญาประดิษฐ์', NULL, NULL, NULL, 'ever_CS265', NULL, NULL, 'F', 'หัวข้อเลือกสรรจากความก้าวหน้าด้านงานวิจัยและเทคโนโลยีทางด้านปัญญาประดิษฐ์ ที่เปลี่ยนแปลงตามยุคสมัยและเทคโนโลย'),
('CS374', 3, 'วิธีรูปนัย', NULL, NULL, NULL, 'ever_CS314', NULL, NULL, 'F', 'พื้นฐานทางคณิตศาสตร์และตรรกศาสตร์จากภาษารูปนัย เพื่อสร้างโมเดลในการพัฒนาซอฟต์แวร์ ที่มีความถูกต้อง'),
('CS375', 3, 'การจัดการโครงการซอฟต์แวร์', NULL, NULL, NULL, 'ever_CS266', 'ever_CS267', 'and', 'F', 'แนะนำาองค์ความรู้ในการจัดการและควบคุมโครงการซอฟต์แวร์ เทคนิคการเขียนข้อเสนอโครงการ การวิเคาระห์ผลทางธุรกิจของการท าโครงการซอฟต์แวร์ การวิเคราะห์ประมาณราคาและระยะเวลาการ วางแผน การจัดการความเสี่ยง การจัดสรรทรัพยากร การติดตามควบคุมโครงการ การประเมินผลส าเร็จ ของโครงการซอฟต์แวร'),
('CS376', 3, 'ปัญญาประดิษฐ์กับการประยุกต์', NULL, NULL, NULL, 'ever_CS265', NULL, NULL, 'F', 'การให้เหตุผลเชิงสถิติ การให้เหตุผลแบบนอนโมโนโทนิก การแสดงความรู้แบบเฟรม การแสดงความรู้แบบกราฟมโนภาพ โครงข่ายแบบเบย์ โครงข่ายแบบมาร์คอฟ แบบจ าลองความน่าจะเป็นเชิง สัมพันธ์ แบบจ าลองฮิดเดนมาร์คอฟ และ ทฤษฎีการตัดสินใจ โดยเน้นการพัฒนาระบบด้วยภาษาโปรแกรมทางด้านปัญญาประดิษฐ์ เช่น โปรล็อก ลิตพ์ และ ไพธอน'),
('CS377', 3, 'การเรียนรู้ของเครื่องจักร', NULL, NULL, NULL, 'ever_CS265', NULL, NULL, 'F', 'ทฤษฎีการเรียนรู้การเรียนรู้เชิงอุปนัยและนิรนัย การเรียนรู้เบย์อย่างง่าย ต้นไม้ตัดสินใจ การ เรียนรู้แบบมีผู้สอน การเรียนรู้แบบไม่มีผู้สอน การเรียนรู้แบบเสริมแรง ปัญหาการเข้ากันมากเกินไป การ ประเมินความถูกต้องของการเรียนรู้และ ตัวอย่างการประยุกต์ใช้การเรียนรู้ของเครื่อง เช่น การท าเหมือง ข้อมูล การควบคุมหุ่นยนต์การน าทางแบบอัตโนมัติ และ ชีวสารสนเทศศาสตร'),
('CS378', 3, 'กลยุทธ์การค้นหาขั้นสูง', NULL, NULL, NULL, 'ever_CS265', NULL, NULL, 'F', 'ปริภูมิค้นหา การค้นหาเชิงการจัด การค้นหาแบบฮิวริสติก การค้นหาแบบสุ่ม ต้นไม้ค้นหา ขั้นตอน วิธีการจ าลองการอบ ขั้นตอนวิธีเชิงวิวัฒน์ ปัญหาโลคอลออฟติมัม ปัญหาการลู่เข้าสู่เป้าหมายได้ช้า การ ประเมินประสิทธิภาพของค าตอบ และตัวอย่างของการประยุกต์ใช้'),
('CS379', 3, 'การประมวลภาษาธรรมชาต', NULL, NULL, NULL, 'ever_CS265', NULL, NULL, 'F', 'ไวยากรณ์เชิงก าหนดและไวยากรณ์แบบอิงสถิติการวิเคราะห์วจีวิภาค การวิเคราะห์วากยสัมพันธ์ การ วิเคราะห์อรรถศาสตร์ การวิเคราะห์สัมพันธสาร และการประยุกต์ใช้ต่างๆ ได้แก่ การแปลภาษาด้วย คอมพิวเตอร์ การรู้จ าและการสังเคราะห์เสียง และ การท าเหมืองข้อมูลข้อความ'),
('CS381', 3, 'การประมวลภาพดิจิทัล', NULL, NULL, NULL, 'ever_CS213', NULL, NULL, 'F', 'ความรู้พื้นฐานเกี่ยวกับภาพดิจิทัล การแทนค่าข้อมูลสี การแปลงข้อมูลภาพ การปรับปรุงคุณภาพ ของภาพ ตัวกรองในโดเมนพื้นที่และโดเมนความถี่ การแบ่งภาพเป็นหลายส่วนอย่างมีความหมาย ไบนารี มอร์โฟโลยี การแทนค่าและการบรรยายลักษณะข้อมูลภาพ การประยุกต์ใช้ข้อมูลภาพดิจิทัล'),
('CS382', 3, 'ทัศนศาสตร์คอมพิวเตอร์เบื้องต้น', NULL, NULL, NULL, 'ever_CS381', NULL, NULL, 'F', 'การได้มาซึ่งภาพดิจิทัล การประมวลผลก่อนการตรวจหาวัตถุในภาพ การหาคุณลักษณะวัตถุ การรู้จำวัตถุ การวิเคราะห์การเคลื่อนไหว การประยุกต์ใช้ทัศนศาสตร์คอมพิวเตอร์'),
('CS384', 3, 'การปฏิสัมพันธ์ระหว่างมนุษย์และคอมพิวเตอร์', 1, 3, 7, 'ever_CS264', NULL, NULL, 'F', 'ตระหนักถึงความสำคัญการศึกษาปฏิสัมพันธ์ระหว่างคอมพิวเตอร์และมนุษย์มีผลต่อการพัฒนาระบบคอมพิวเตอร์ให้ยอมรับได้และมีความสามารถใช้งานได้ ศึกษาบริบทที่สำคัญต่อการปฏิสัมพันธ์ระหว่างคอมพิวเตอร์และมนุษย์ กระบวนการพัฒนาระบบแบบผู้ใช้เป็นศูนย์กลาง การประเมินและมาตรวัดความสามารถใช้งานได้ ปัจจัยทางมนุษย์ที่เกี่ยวข้องกับการประมวลผลสารสนเทศของมนุษย์ และกฏเกณฑ์และหลักการที่ใช้ตลอดจน ข้อผิดพลาดที่เกิดขึ้นบ่อย ๆ ในการออกแบบส่วนต่อประสาน'),
('CS390', 3, 'หัวข้อเลือกสรรด้านการวิเคราะห์ข้อมูลมัลติมีเดีย', NULL, NULL, NULL, 'ever_CS381', NULL, NULL, 'F', 'หัวข้อเลือกสรรจากความก้าวหน้างานวิจัยและเทคโนโลยีด้านการวิเคราะห์ข้อมูลมัลติมีเดียที่ เปลี่ยนแปลงตามเทคโนโลยี'),
('CS396', 3, 'การจำลองด้านคอมพิวเตอร์กราฟิก', NULL, NULL, NULL, 'ever_CS111', NULL, NULL, 'F', 'การสร้างรูปทรงทางเรขาคณิตของวัตถุ 3 มิติ โดยการใช้รูปหลายเหลี่ยม สมการพาราเมทริกซ์ การใช้เนิร์บ การสร้างโครงและสร้างผิวตามโครง การสร้างผิวหน้าแบบแบ่งย่อย การสร้างรูปทรงที่มีความ ละเอียดของข้อมูลต่างกัน การออกแบบตัวแสดง การก าหนดคุณลักษณะของร่างกายและการออกแบบตัว แสดงที่เหมาะสมส าหรับการสร้างภาพเคลื่อนไหว การออกแบบรูปทรงส าหรับใช้ในงานด้านสถาปัตยกรรม'),
('CS397', 3, 'คอมพิวเตอร์กราฟิก&nbsp;2', NULL, NULL, NULL, 'ever_CS299', NULL, NULL, 'F', 'การสร้างเส้นโค้งและพื้นผิวการลบพื้นผิวแฝงสมการที่ใช้ในการค านวณแสงและเงาสีของล าแสงสีจริงและ การมองเห็น วิธีการสร้างภาพให้มองเห็นได้ ตามแนวเส้นตรงในแนวนอน การใช้ซีบัฟเฟอร์การติดตามแนวรังสี ของแสงแสงที่ค านวณแยกเฉพาะที่การแรเงาวัตถุลวดลายบนพื้นผิวและการสังเคราะห์ลวดลายบนพื้นผิวการทา ลวดลายโดยวิธีการปรับแนวเส้นตั้งฉากการแก้ปัญหาการเกิด-แอเลียสขั้นต้น'),
('CS399', 3, 'หัวข้อเลือกสรรด้านคอมพิวเตอร์กราฟิก', NULL, NULL, NULL, 'ever_CS299', NULL, NULL, 'F', 'หัวข้อเลือกสรรจากความก้าวหน้าด้านงานวิจัยและเทคโนโลยีของคอมพิวเตอร์กราฟิกที่ เปลี่ยนแปลงตามยุคสมัยและเทคโนโลยี'),
('CS403', 6, 'โครงงานพิเศษ&nbsp;2', 1, 4, 10, 'pass_CS303', NULL, NULL, 'F', 'ศึกษาค้นคว้าโครงงานที่ได้เสนอในลักษณะวิชา คพ.303 ให้ลึกซึ้งกว้างขวางยิ่งขึ้น เขียนรายงาน และเสนอต่อคณะกรรมการ จัดพิมพ์เป็นรูปเล่ม'),
('CS404', 6, 'สหกิจศึกษา&nbsp;2', 1, 4, 10, 'ever_CS304', NULL, NULL, 'F', 'การปฏิบัติงานที่ได้รับมอบหมายจากสถานประกอบการที่ได้รับความเห็นชอบจากสาขาวิชา โดยนักศึกษาต้องนำความรู้ทางวิชาการที่ได้เรียนไปประยุกต์ใช้และฝึกทักษะในภาวะแวดล้อมการทำงานจริง ภายใต้การกำกับดูแลของสถานประกอบการนั้น โดยต้องแสดงงานที่ได้รับมอบหมายอย่างชัดเจน พร้อมทั้งแนวคิดที่ใช้ในการออกแบบ พัฒนาและประยุกต์ เมื่อเสร็จสิ้นโครงงานแล้วต้องจัดส่งผลงานใน รูปแบบของรายงานตามที่สาขาวิชากำหนด'),
('EC210', 3, 'เศรษฐศาสตร์เบื้องต้น', 2, 1, 2, NULL, NULL, NULL, 'F', 'หลักทั่วไปของเศรษฐศาสตร์จุลภาคและมหภาค ในส่วนของเศรษฐศาสตร์จุลภาค ศึกษาถึงอุปสงค์และอุปทานของสินค้า พฤติกรรมผู้บริโภค การผลิต และต้นทุน พฤติกรรมของหน่วยผลิต โครงสร้างและพฤติกรรมการแข่งขันของหน่วยผลิตในตลาดที่มีการแข่งขันอย่างสมบูรณ์ ตลาดผูกขาด และตลาดที่ไม่สมบูรณ์ แนวคิดความล้มเหลวของตลาด และบทบาทของภาครัฐในการแทรกแซงตลาด ในส่วนของเศรษฐศาสตร์มหภาค ศึกษาถึงเป้าหมาย และปัญหาในทางเศรษฐกิจมหภาค ความเข้าใจถึงรายได้ ประชาชาติ ระบบการเงินและการธนาคาร นโยบายการเงินและการคลังในการรักษาเสถียรภาพทางเศรษฐกิจ รวมทั้งการนำดัชนีชี้วัดเศรษฐกิจมหภาคไปใช้ในการวิเคราะห์สถานการณ์ทางเศรษฐกิจ ในภาคต่างประเทศศึกษาถึงความสำคัญของการค้าและการเงินระหว่างประเทศ และข้อโต้แย้งระหว่างการค้าเสรี และการปกป้องตลาด'),
('EL295', 3, 'ภาษาอังกฤษเชิงวิชาการ&nbsp;1', 1, 2, 4, 'pass_TU105', NULL, NULL, 'F', 'เพื่อพัฒนาทักษะภาษาอังกฤษด้านวิชาการ สามารถใช้ศัพท์ที่เรียนในการสื่อสารทั้งในการพูดและเขียน จดบันทึกข้อมูลสำคัญจากสิ่งที่ฟัง บันทึกร่างแผนการเขียนและการนำเสนอข้อมูล สามารถเขียนจดหมายและจดหมายอีเลคทรอนิค เรียงความขนาดสั้นที่มีองค์ประกอบสมบูรณ์ มีการเลือกใช้คำอย่างเหมาะสมกับผู้อ่านและวัตถุประสงค์ในการเขียน สามารถเขียนสรุปใจความของเรื่องที่ได้ฟังและอ่าน สามารถตั้งคำถามและตอบคำถามในการอภิปราย การสัมภาษณ์และการเก็บข้อมูลวิจัย รวมทั้งมีความสามารถวางแผนและทำการศึกษาประเด็นพื้นฐาน เขียนรายงานและนำเสนอผลการศึกษาได้'),
('EL395', 3, 'ภาษาอังกฤษเชิงวิชาการ&nbsp;2', 2, 2, 5, 'pass_EL295', NULL, NULL, 'F', 'เพื่อเพิ่มความสามารถและทักษะภาษาอังกฤษด้านวิชาการของผู้เรียนโดยการอ่านบทความขนาดยาวและเลือกประเด็นที่เกี่ยวข้องกับเรื่องที่สนใจ สามารถทำความเข้าใจและวิเคราะห์เรื่องที่อ่านสามารถเขียนสรุปและเขียนข้อมูลที่เลือกขึ้นใหม่โดยการเปลี่ยนคำและโครงสร้างภาษาในความหมายเดิม สามารถบรรยายและเขียนคำบรรยายภาพ แผนภูมิและกราฟแสดงข้อมูลจากการศึกษา และอ้างอิงแหล่งข้อมูลได้อย่างถูกต้อง สามารถทำโครงการศึกษาที่มีความซับซ้อนมากขึ้น และสามารถเขียนรายงาน และนำเสนอผลการศึกษาได้'),
('HR201', 3, 'การบริหารและการประกอบการสมัยใหม่', 2, 1, 2, NULL, NULL, NULL, 'F', 'แนวคิดทางการบริหารและการประกอบการ วิวัฒนาการทฤษฎีการบริหาร หน้าที่และทักษะผู้บริหารองค์กร ประเภทและคุณลักษณะผู้ประกอบการ การวางแผน การจัดองค์การ การบริหารทรัพยากรมนุษย์ การเป็นผู้นำ การสร้างแรงจูงใจ และการควบคุม การตัดสินใจทางการบริหาร และจริยธรรม การบริหาร การใช้เครื่องมือทางการบริหารยุคดิจิตอล'),
('MA211', 3, 'แคลคูลัส&nbsp;1', 2, 1, 2, NULL, NULL, NULL, 'F', 'ลิมิตและความต่อเนื่องของฟังก์ชัน อนุพันธ์ของฟังก์ชันพีชคณิตและฟังก์ชันอดิศัย กฎลูกโซ่ อนุพันธ์โดยปริยาย อนุพันธ์อันดับสูง ทฤษฎีบทของรอล ทฤษฎีบทค่ามัชฌิม การประยุกต์ของอนุพันธ์ รูปแบบยังไม่กำหนด หลักเกณฑ์โลปีตาลและการประยุกต์ในการหาลิมิต ผลต่างเชิงอนุพันธ์และการประยุกต์ ปฏิยานุพันธ์ ปริพันธ์ไม่จำกัดเขต สูตรการหาปริพันธ์ การหาปริพันธ์โดยการเปลี่นตัวแปรผลบวก รีมันน์ปริพันธ์จำกัดเขต ทฤษฎีบทหลักมูลของแคลคูลัส'),
('PY252', 3, 'จิตวิทยาความสัมพันธ์ระหว่างบุคคล', 1, 1, 1, NULL, NULL, NULL, 'F', 'ความสัมพันธ์ระหว่างบุคคลในสังคม เน้นพื้นฐานการแสดงออกของบุคคลในสังคมผ่านแนวคิดทางจิตวิทยา การเข้าใจตนเองและบุคคลอื่น การเข้าใจความแตกต่างระหว่างบุคคล การรับรู้ผู้อื่นแรงดึงดูดใจระหว่างบุคคล ตลอดจนการใช้หลักจิตวิทยาในการเข้าใจอารมณ์และความรู้สึกทั้งเชิงบวกและลบที่เกิดในความสัมพันธ์ และในการจัดการปัญหาที่เกิดขึ้นได้ เพื่อให้มีมนุษยสัมพันธ์ที่เหมาะสม'),
('SC301', 3, 'การประกอบการด้านวิทยาศาสตร์และเทคโนโลยี', 2, 3, 8, NULL, NULL, NULL, 'F', 'แนวคิดการเป็นผู้ประกอบการ องค์ประกอบของแผนธุรกิจ วิธีการเริ่มธุรกิจหรือพัฒนาธุรกิจใหม่ การศึกษาความเป็นไปได้ ความรู้เบื้องต้นเกี่ยวกับการเงินและการลงทุน การตลาด การผลิต การบริหารทรัพยากรมนุษย์ การจัดทำแผนธุรกิจ และมีการศึกษาดูงานนอกสถานที่'),
('ST216', 3, 'สถิติสำหรับสังคมศาสตร์1', 1, 1, 1, NULL, NULL, NULL, 'F', 'ความรู้ทั่วไปเกี่ยวกับสถิติเชิงพรรณนา เลขดัชนีความน่าจะเป็นทั้งไม่มีเงื่อนไขและมีเงื่อนไข ตัวแปรสุ่มและการแจกแจงความน่าจะเป็นของตัวแปรสุ่ม ค่าคาดหมายมีเงื่อนไขและไม่มีเงื่อนไขการชักตัวอย่างเบื้องต้นและการแจกแจงของตัวสถิติ การประมาณค่าและการทดสอบสมมุติฐานเกี่ยวกับพารามิเตอร์ของประชากรกลุ่มเดียว การอ่านผลลัพธ์จากโปรแกรมสำเร็จรูปทางสถิติ'),
('ST326', 3, 'ความน่าจะเป็นประยุกต์', 1, 2, 4, 'pass_ST216', NULL, NULL, 'F', 'ปริภูมิตัวอย่าง เหตุการณ์ และเมเชอร์ความน่าจะเป็น ความน่าจะเป็นมีเงื่อนไขและความเป็นอิสระ ออดส์ ตัวแปรสุ่มและการแจกแจงความน่าจะเป็น ค่าคาดหมาย ฟังก์ชันการแจกแจงสะสมและฟังก์ชันการแจกแจงรอดชีพ ตัวแปรสุ่มแจกแจงร่วมกัน การแจกแจงมีเงื่อนไข ค่าคาดหมายมีเงื่อนไข การประยุกต์ความน่าจะเป็นในการจัดการความเสี่ยงและการประกันภัย'),
('TU050', 3, 'การพัฒนาทักษะภาษาอังกฤษ', 1, 1, 1, NULL, NULL, NULL, 'F', 'ฝึกทักษะภาษาอังกฤษในระดับเบื้องต้น ได้แก่ การฟัง การพูด การอ่าน การเขียน เชิงบูรณาการเพื่อเป็นพื้นฐานในการพัฒนาทักษะภาษาอังกฤษระดับต่อไป'),
('TU100', 3, 'พลเมืองกับการลงมือแก้ปัญหา', 1, 1, 1, NULL, NULL, NULL, 'F', 'ปลูกฝังจิตสำนึก บทบาท และหน้าที่ความรับผิดชอบของการเป็นสมาชิกที่ดีของสังคมในฐานะ พลเมืองโลก ผ่านกระบวนการหลากหลายวิธี เช่น การบรรยาย การอภิปรายกรณีศึกษาต่างๆ ดูงานเป็นต้น โดยนักศึกษาจะต้องจัดทำโครงการรณรงค์ เพื่อให้เกิดการรับรู้ หรือเกิดการเปลี่ยนแปลง ในประเด็นที่สนใจ'),
('TU101', 3, 'โลก&nbsp;อาเซียน&nbsp;และไทย', 2, 1, 2, NULL, NULL, NULL, 'F', 'ศึกษาปรากฏการณ์ที่สำคัญของโลก อาเซียนและไทย ในมิติทางการเมือง เศรษฐกิจ สังคม วัฒนธรรมโดยใช้กรอบแนวคิด ทฤษฎี และระเบียบวิจัยทางสังคมศาสตร์ ผ่านการอภิปรายและยกตัวอย่าง สถานการณ์หรือบุคคลที่ได้รับความสนใจ เพื่อให้เกิดมุมมองต่อความหลากหลายและเข้าใจความซับซ้อนที่สัมพันธ์กันทั้งโลก มีจิตสำนึกสากล (GLOBAL MINDSET) สามารถท้าทายกรอบความเชื่อเดิมและเปิดโลกทัศน์ใหม่ให้กว้างขวางขึ้น'),
('TU102', 3, 'ทักษะชีวิตทางสังคม', 2, 2, 4, NULL, NULL, NULL, 'F', 'การดุแลสุขภาพตนเองแบบองค์รวม ทั้งทางด้านร่างกาย อารมณ์ สังคม และจิตวิญญาณ ซึ่งเป็นทักษะสำคัญที่จะช่วยให้ประสบความสำเร็จและใช้ชีวิตในสังคมอย่างเป็นสุข ด้วยการพัฒนาความสามารถในการดูแลสุขภาพทางกายการจัดการความเครียด การสร้างความมั่นคงทางอารมณ์ การเข้าใจตนเองและการปรับตัวเมื่อเผชิญกับปัญหาทางด้านจิตใจ อารมณ์ และสังคม การเข้าใจความหมายของสุนทรียศาสตร์ การได้รับประสบการณ์และความซาบซึ้งในความสัมพันธ์ระหว่างศิลปะกับมนุษย์ ในแขนงต่างๆ ทั้งทัศนศิลป์ ดนตรีศิลปะการแสดง และสถาปัตยกรรม'),
('TU103', 3, 'ชีวิตกับความยั่งยืน', 1, 1, 1, NULL, NULL, NULL, 'F', 'การดำเนินชีวิตอย่างเท่าทันกับการเปลี่ยนแปลงของโลก เข้าใจความสัมพันธ์ระหว่างพลวัต ของ ธรรมชาติ มนุษย์ และสรรพสิ่ง ทั้งสิ่งแวดล้อมสรรสร้าง การใช้พลังงาน เศรษฐกิจ สังคมในความขัดแย้งและการแปรเปลี่ยน ตลอดจนองค์ความรู้ทางวิทยาศาสตร์สิ่งแวดล้อม ที่นำไปสู่การปรับเปลี่ยนวิถีชีวิตสู่ความยั่งยืน'),
('TU104', 3, 'การคิด&nbsp;อ่าน&nbsp;และเขียนอย่างมีวิจารณญาณ', 2, 1, 2, NULL, NULL, NULL, 'F', 'พัฒนาทักษะการคิดอย่างมีวิจารณญาณผ่านการตั้งคำถาม การวิเคราะห์ การสังเคราะห์ และการประเมินค่า พัฒนาทักษะการอ่านเพื่อจับสาระสำคัญ เข้าใจจุดมุ่งหมาย ทัศนคติ สมมติฐาน หลักฐาน สนับสนุน การใช้เหตุผลที่นำไปสู่ข้อสรุปของงานเขียน พัฒนาทักษะการเขียนแสดงความคิดเห็นอย่างมีเหตุผล และการเขียนเชิงวิชาการ รู้จักถ่ายทอดความคิด และเชื่อมโยงข้อมูลเข้ากับมุมมองของตนเอง รวมถึงสามารถอ้างอิงหลักฐานและข้อมูลมาใช้ในการสร้างสรรค์งานเขียนได้อย่างมีประสิทธิภาพ'),
('TU105', 3, 'ทักษะการสื่อสารด้วยภาษาอังกฤษ', 2, 1, 2, NULL, NULL, NULL, 'F', 'พัฒนาทักษะการฟัง พูด อ่าน และเขียนภาษาอังกฤษโดยมุ่งเน้นความสามารถในการสนทนาเพื่อ แลกเปลี่ยนความคิดเห็น และการอ่าน เพื่อทำความเข้าใจเนื้อหาวิชาการในศาสตร์ต่างๆ ที่เกี่ยวข้องกับวิชาชีพของนักศึกษา'),
('TU106', 3, 'ความคิดสร้างสรรค์และการสื่อสาร', 2, 1, 2, NULL, NULL, NULL, 'F', 'กระบวนการคิดอย่างสร้างสรรค์โดยมีการคิดเชิงวิพากษ์เป็นองค์ประกอบสำคัญ และการสื่อสาร ความคิดดังกล่าวให้เกิดผลสัมฤทธิ์อย่างเหมาะสมตามบริบทสังคม วัฒนธรรม สภาพแวดล้อม ทั้งในระดับ บุคคล องค์กร และสังคม'),
('TU107', 3, 'ทักษะดิจิทัลกับการแก้ปัญหา', NULL, NULL, NULL, NULL, NULL, NULL, 'F', 'ทักษะการคิดเชิงค านวณเพื่อการแก้ปัญหาและการพัฒนาโอกาสใหม่ด้านสังคมและเศรษฐกิจ ความสามารถในค้นหาและการเข้าถึงสารสนเทศได้อย่างมีประสิทธิภาพ การประเมินความน่าเชื่อถือของ สารสนเทศ การกลั่นกรองและจัดการสารสนเทศอย่างเป็นระบบ การใช้และจรรยาบรรณด้านดิจิทัล การ สื่อสารออนไลน์อย่างมือาชีพ'),
('TU108', 3, 'การพัฒนาและจัดการตนเอง', NULL, NULL, NULL, NULL, NULL, NULL, 'F', 'การจัดการและการปรับเข้ากับชีวิตในรั้วมหาวิทยาลัยท่ามกลางความหลากหลายและเสรีภาพ การพัฒนาทักษะทางสังคมและความฉลาดทางอารมณ์ การเข้าใจตนเองและการวางแผนอนาคต การพัฒนาการ เรียนรู้ตลอดชีวิต และการอยู่ร่วมกับผู้อื่นอย่างสงบสุขและเคารพซึ่งกันและกัน'),
('TU109', 3, 'นวัตกรรมกับกระบวนคิดผู้ประกอบการ', NULL, NULL, NULL, NULL, NULL, NULL, 'F', 'การประเมินความเสี่ยงและการสร้างโอกาสใหม่ การคิดและการวางแผนแบบผู้ประกอบการ การ ตัดสินใจและการพัฒนาธุรกิจ การสื่อสารเชิงธุรกิจและการสร้างแรงจูงใจอย่างมีประสิทธิภาพ การสร้าง คุณค่าร่วมเพื่อสังคม'),
('TU122', 3, 'กฎหมายในชีวิตประจำวัน', 2, 1, 2, NULL, NULL, NULL, 'F', 'ลักษณะทั่วไปของกฎหมาย ในฐานะที่เป็นแบบแผนความประพฤติของมนุษย์ในสังคม หลักการพื้นฐานของนิติรัฐ (rule of law) คุณค่าของกฎหมายในฐานะที่เชื่อมโยงกับหลักคุณธรรมของประชาชน ความรู้พื้นฐานในเรื่องกฎหมายเอกชนและกฎหมายมหาชนที่พลเมืองในระบอบประชาธิปไตยควรต้องรู้ทั้งในด้านของสิทธิ และในด้านของหน้าที่ การระงับข้อพิพาทและกระบวนการยุติธรรมของไทย หลักการใช้สิทธิ หลักการใช้และการตีความกฎหมาย โดยเน้นการศึกษาจากกรณีตัวอย่างที่เกิดขึ้นจริงในชีวิตประจำวัน');

--
-- Dumping data for table `subplantest`
--

INSERT INTO `subplantest` (`studentID`, `subID`, `subCredit`, `subName`, `grade`, `gradersemester`, `subStatus`) VALUES
('6109612345', 'BA291', 3, 'ธุรกิจเบื้องต้น', 'A', 3, 's'),
('6109612345', 'CS101', 3, 'โครงสร้างแบบไม่ต่อเนื่อง', 'A', 1, 'p'),
('6109612345', 'CS102', 3, 'พื้นฐานการแก้ปัญหาและการโปรแกรมคอมพิวเตอร์', 'B+', 1, 'p'),
('6109612345', 'CS111', 3, 'แนวคิดเชิงวัตถุ', 'B', 1, 'p'),
('6109612345', 'ST216', 3, 'สถิติสำหรับสังคมศาสตร์1', 'B', 1, 'p'),
('6109612345', 'TU050', 3, 'การพัฒนาทักษะภาษาอังกฤษ', 'S', 1, 'p'),
('6109612345', 'TU100', 3, 'พลเมืองกับการลงมือแก้ปัญหา', 'A', 1, 'p'),
('6109612345', 'TU122', 3, 'กฎหมายในชีวิตประจำวัน', 'A', 3, 'p'),
('6109610052', 'CS102', 3, 'พื้นฐานการแก้ปัญหาและการโปรแกรมคอมพิวเตอร์', 'C', 1, 's'),
('6109610052', 'TU100', 3, 'พลเมืองกับการลงมือแก้ปัญหา', 'A', 1, 's'),
('6109610052', 'PY252', 3, 'จิตวิทยาความสัมพันธ์ระหว่างบุคคล', 'A', 1, 's'),
('6109610052', 'TU050', 3, 'การพัฒนาทักษะภาษาอังกฤษ', 'S', 1, 's'),
('6109610052', 'TU122', 3, 'กฎหมายในชีวิตประจำวัน', 'A', 3, 's'),
('6109610052', 'CS221', 3, 'โครงสร้างและระบบคอมพิวเตอร์เบื้องต้น', 'B', 4, 's'),
('6109610052', 'CS299', 3, 'คอมพิวเตอร์กราฟิก 1', 'B', 4, 's'),
('6109610052', 'CS213', 3, 'โครงสร้างข้อมูล', 'D+', 4, 's'),
('6109610052', 'CS251', 3, 'ระบบฐานข้อมูล 1', 'A', 5, 's'),
('6109610052', 'CS217', 3, 'การออกแบบและวิเคราะห์ขั้นตอนวิธี', 'A', 5, 's'),
('6109610052', 'ST216', 3, 'สถิติสำหรับสังคมศาสตร์1', 'C', 1, 's'),
('6109610052', 'MA211', 3, 'แคลคูลัส 1', 'B+', 2, 's'),
('6109610052', 'TU101', 3, 'โลก อาเซียน และไทย', 'B+', 2, 's'),
('6109610052', 'TU104', 3, 'การคิด อ่าน และเขียนอย่างมีวิจารณญาณ', 'A', 2, 's'),
('6109610052', 'TU105', 3, 'ทักษะการสื่อสารด้วยภาษาอังกฤษ', 'C+', 2, 's'),
('6109610052', 'TU106', 3, 'ความคิดสร้างสรรค์และการสื่อสาร', 'A', 2, 's'),
('6109610052', 'BA291', 3, 'ธุรกิจเบื้องต้น', 'C+', 2, 's'),
('6109610052', 'TU109', 3, 'นวัตกรรมกับกระบวนคิดผู้ประกอบการ', 'A', 6, 'p'),
('6109610052', 'CS101', 3, 'โครงสร้างแบบไม่ต่อเนื่อง', 'D', 1, 's');
COMMIT;

/*!40101 SET CHARACTER_SET_CLIENT=@OLD_CHARACTER_SET_CLIENT */;
/*!40101 SET CHARACTER_SET_RESULTS=@OLD_CHARACTER_SET_RESULTS */;
/*!40101 SET COLLATION_CONNECTION=@OLD_COLLATION_CONNECTION */;
